老磊,0-9技,10-19技,20-29技,30-39技,40-49技,50-59技,60-69技,70-79技,80技捞惑,钦拌
20200120,0,0,0,1,0,0,0,0,0,1
20200121,0,0,0,0,0,0,0,0,0,0
20200122,0,0,0,0,0,0,0,0,0,0
20200123,0,0,0,0,0,0,0,0,0,0
20200124,0,0,0,0,0,1,0,0,0,1
20200125,0,0,0,0,0,0,0,0,0,0
20200126,0,0,0,0,0,1,0,0,0,1
20200127,0,0,0,0,0,1,0,0,0,1
20200128,0,0,0,0,0,0,0,0,0,0
20200129,0,0,0,0,0,0,0,0,0,0
20200130,0,0,1,1,0,1,0,0,0,3
20200131,0,0,2,0,0,1,1,0,0,4
20200201,0,0,0,0,1,0,0,0,0,1
20200202,0,0,1,0,2,0,0,0,0,3
20200203,0,0,0,0,0,0,0,0,0,0
20200204,0,0,0,0,1,0,0,0,0,1
20200205,0,0,1,2,1,1,0,0,0,5
20200206,0,0,1,0,1,1,0,0,0,3
20200207,0,0,0,0,0,0,0,0,0,0
20200208,0,0,0,0,0,0,0,0,0,0
20200209,0,0,0,1,0,1,0,1,0,3
20200210,0,0,0,1,0,0,0,0,0,1
20200211,0,0,0,0,0,0,0,0,0,0
20200212,0,0,0,0,0,0,0,0,0,0
20200213,0,0,0,0,0,0,0,0,0,0
20200214,0,0,0,0,0,0,0,0,0,0
20200215,0,0,0,0,0,0,0,0,0,0
20200216,0,0,0,0,0,0,1,0,1,2
20200217,0,0,0,0,0,0,0,0,0,0
20200218,0,1,0,0,0,0,1,0,0,2
20200219,0,0,8,3,4,11,4,4,0,34
20200220,0,1,4,3,2,4,2,0,0,16
20200221,0,1,16,7,17,16,10,6,1,74
20200222,0,5,24,19,28,59,47,7,1,190
20200223,1,4,53,21,37,51,30,10,3,210
20200224,1,6,46,34,32,49,28,9,2,207
20200225,0,6,38,19,20,26,17,3,1,130
20200226,1,7,78,32,32,43,43,12,5,253
20200227,6,20,167,49,59,80,42,21,5,449
20200228,4,24,114,59,66,87,44,19,10,427
20200229,6,24,302,108,134,149,120,41,25,909
20200301,7,42,200,66,81,103,63,24,9,595
20200302,5,29,181,82,113,146,82,33,15,686
20200303,3,37,179,73,81,118,65,32,12,600
20200304,0,29,158,53,79,100,47,35,15,516
20200305,4,25,154,27,54,74,53,30,17,438
20200306,7,35,148,33,43,89,65,54,44,518
20200307,7,34,154,33,54,70,65,43,23,483
20200308,6,33,103,32,34,64,48,26,21,367
20200309,8,18,60,18,30,42,38,29,5,248
20200310,1,12,21,11,25,26,13,16,6,131
20200311,8,12,25,15,52,56,31,29,14,242
20200312,1,7,21,8,18,25,12,14,8,114
20200313,1,9,13,12,16,28,13,9,9,110
20200314,4,3,15,10,16,27,15,9,8,107
20200315,2,3,12,9,9,17,12,10,2,76
20200316,2,5,13,7,6,17,12,5,7,74
20200317,1,4,17,7,17,16,10,8,4,84
20200318,1,2,12,17,7,14,25,3,12,93
20200319,5,5,16,13,10,27,21,20,35,152
20200320,6,8,7,7,12,14,19,6,8,87
20200321,1,6,15,7,10,16,19,21,52,147
20200322,2,3,16,9,19,19,13,6,11,98
20200323,2,0,21,8,7,11,7,4,4,64
20200324,3,7,22,3,6,14,7,9,5,76
20200325,0,7,34,23,12,7,9,3,5,100
20200326,1,13,35,12,6,14,8,5,10,104
20200327,2,8,24,5,4,14,8,14,12,91
20200328,1,5,34,19,22,28,31,2,4,146
20200329,2,7,35,15,14,19,8,3,2,105
20200330,1,5,28,9,5,14,8,5,3,78
20200331,0,3,25,10,16,37,18,11,5,125
20200401,3,4,28,14,11,14,10,7,10,101
20200402,3,3,22,16,11,15,12,5,2,89
20200403,2,6,30,9,13,9,9,5,3,86
20200404,1,2,27,14,8,10,17,10,5,94
20200405,2,5,28,17,12,6,7,3,1,81
20200406,2,7,15,3,5,2,5,5,3,47
20200407,0,2,15,6,7,3,10,3,1,47
20200408,0,4,13,9,5,7,8,3,4,53
20200409,2,4,12,7,7,1,3,0,3,39
20200410,1,1,7,5,2,4,4,2,1,27
20200411,1,5,6,2,2,6,7,0,1,30
20200412,0,3,12,5,2,4,3,3,0,32
20200413,2,1,9,3,1,2,5,1,1,25
20200414,0,3,7,4,4,3,3,2,1,27
20200415,0,4,10,4,3,2,1,2,1,27
20200416,3,3,5,1,2,3,2,1,2,22
20200417,1,4,9,3,1,2,1,1,0,22
20200418,2,0,9,1,1,2,1,1,1,18
20200419,0,2,3,1,0,1,0,0,1,8
20200420,0,3,5,2,0,3,0,0,0,13
20200421,0,2,1,0,1,3,0,1,1,9
20200422,0,1,3,1,4,0,1,1,0,11
20200423,0,1,2,1,1,1,0,1,1,8
20200424,0,1,1,1,0,1,1,0,1,6
20200425,1,1,3,1,2,0,2,0,0,10
20200426,1,0,3,5,1,0,0,0,0,10
20200427,0,2,3,4,1,0,0,0,0,10
20200428,0,2,5,2,1,2,1,1,0,14
20200429,0,0,3,2,3,1,0,0,0,9
20200430,0,0,1,2,1,0,0,0,0,4
20200501,0,0,5,1,2,0,0,0,1,9
20200502,0,0,3,1,1,0,1,0,0,6
20200503,0,1,2,3,2,0,2,1,2,13
20200504,0,0,2,1,3,0,2,0,0,8
20200505,0,0,0,1,1,1,0,0,0,3
20200506,0,0,0,1,0,0,1,0,0,2
20200507,0,1,2,1,0,0,0,0,0,4
20200508,1,0,1,7,2,0,1,0,0,12
20200509,0,2,12,3,0,1,0,0,0,18
20200510,0,3,19,3,4,2,2,1,0,34
20200511,0,1,21,8,4,0,1,0,0,35
20200512,1,4,10,6,2,3,0,0,1,27
20200513,1,1,13,5,2,1,1,1,1,26
20200514,0,11,14,3,1,0,0,0,0,29
20200515,2,3,11,4,2,1,2,2,0,27
20200516,2,2,7,3,1,1,3,0,0,19
20200517,0,1,5,2,3,1,0,1,0,13
20200518,0,1,3,4,5,1,1,0,0,15
20200519,1,0,5,0,0,3,3,1,0,13
20200520,0,7,12,4,6,1,1,1,0,32
20200521,0,4,3,2,3,0,0,0,0,12
20200522,1,2,8,4,2,2,0,1,0,20
20200523,0,1,2,6,1,9,3,0,1,23
20200524,0,2,4,4,7,4,3,1,0,25
20200525,0,1,3,3,2,5,2,0,0,16
20200526,1,1,3,4,3,4,1,2,0,19
20200527,3,2,8,6,3,6,8,3,1,40
20200528,2,4,15,26,14,12,6,0,0,79
20200529,1,6,12,9,10,9,8,0,3,58
20200530,1,5,9,2,4,10,4,1,3,39
20200531,0,0,9,7,4,6,1,0,0,27
20200601,1,2,2,4,6,13,5,2,0,35
20200602,0,2,5,3,2,9,11,5,1,38
20200603,1,2,5,6,5,9,15,6,0,49
20200604,1,1,5,3,2,10,9,6,2,39
20200605,1,1,5,2,4,6,10,7,3,39
20200606,3,1,2,6,11,8,9,8,3,51
20200607,1,6,3,6,8,11,12,8,2,57
20200608,1,1,5,2,5,6,11,3,3,37
20200609,0,0,3,2,4,10,9,5,5,38
20200610,1,2,6,9,1,7,16,7,1,50
20200611,1,3,6,10,4,10,5,5,1,45
20200612,0,3,11,8,2,16,13,2,1,56
20200613,0,2,9,1,3,9,8,6,10,48
20200614,0,0,8,3,6,7,8,1,1,34
20200615,2,0,5,5,11,6,4,3,1,37
20200616,2,1,3,4,4,6,8,6,0,34
20200617,2,1,8,14,2,7,3,5,1,43
20200618,1,1,10,4,6,9,13,7,8,59
20200619,0,2,8,9,3,12,11,3,1,49
20200620,2,4,9,13,8,12,13,3,3,67
20200621,0,1,5,10,5,8,10,6,3,48
20200622,0,1,3,4,1,5,2,1,0,17
20200623,3,0,5,9,9,8,7,4,1,46
20200624,2,1,3,14,12,10,5,2,2,51
20200625,1,2,1,9,2,6,5,2,0,28
20200626,1,1,8,10,5,5,6,1,2,39
20200627,1,2,14,10,6,5,7,4,2,51
20200628,2,3,12,13,9,6,13,3,1,62
20200629,3,1,9,5,6,5,12,1,0,42
20200630,2,4,10,6,8,6,3,3,0,42
20200701,0,2,4,12,2,17,6,7,1,51
20200702,2,2,8,6,2,14,12,7,1,54
20200703,1,10,10,10,6,7,10,4,3,61
20200704,3,2,12,16,8,8,9,2,3,63
20200705,3,3,8,9,11,7,14,6,0,61
20200706,5,1,8,9,6,9,5,2,3,48
20200707,1,2,11,7,7,7,7,2,0,44
20200708,1,3,11,11,15,9,5,6,1,62
20200709,2,4,11,7,11,10,3,1,1,50
20200710,3,3,10,9,5,8,3,3,1,45
20200711,1,0,8,6,2,8,2,4,4,35
20200712,2,6,4,13,5,3,9,1,1,44
20200713,3,4,18,15,9,4,5,3,1,62
20200714,2,2,6,5,3,6,4,4,1,33
20200715,1,1,4,8,9,9,7,0,0,39
20200716,6,2,13,15,9,6,6,3,1,61
20200717,3,1,9,14,14,8,6,3,2,60
20200718,3,4,10,5,9,7,0,1,0,39
20200719,3,2,4,9,3,4,6,2,1,34
20200720,2,2,8,6,4,2,1,0,1,26
20200721,1,1,12,8,3,5,3,8,4,45
20200722,0,7,8,8,10,9,11,6,4,63
20200723,0,4,19,3,8,12,9,4,0,59
20200724,1,1,3,5,6,8,11,4,2,41
20200725,1,1,13,38,34,14,8,2,2,113
20200726,0,0,4,13,15,18,5,1,2,58
20200727,1,1,5,8,3,0,2,4,1,25
20200728,2,2,4,4,7,5,3,1,0,28
20200729,0,1,6,16,11,5,4,5,0,48
20200730,0,0,2,6,4,0,6,0,0,18
20200731,1,0,5,13,8,4,3,1,1,36
20200801,1,0,0,10,6,8,5,1,0,31
20200802,2,0,5,7,8,4,2,1,1,30
20200803,2,3,4,2,2,5,4,1,0,23
20200804,4,5,6,5,6,4,2,0,2,34
20200805,1,3,6,7,4,6,5,1,0,33
20200806,0,4,13,3,3,8,9,3,0,43
20200807,0,4,3,1,5,2,5,0,0,20
20200808,1,1,7,4,4,10,13,3,0,43
20200809,4,1,7,5,3,7,7,0,2,36
20200810,0,0,4,3,3,4,13,1,0,28
20200811,0,0,6,5,4,9,7,3,0,34
20200812,1,7,4,11,12,12,2,3,2,54
20200813,2,6,11,12,5,10,6,2,2,56
20200814,4,10,14,17,16,19,15,6,2,103
20200815,4,10,32,20,24,33,29,11,3,166
20200816,3,23,39,28,35,58,56,31,6,279
20200817,5,13,22,27,23,37,49,14,7,197
20200818,5,18,17,27,27,62,66,22,2,246
20200819,14,17,28,32,39,58,73,29,7,297
20200820,12,35,31,35,32,55,47,30,11,288
20200821,6,19,42,40,42,61,74,34,6,324
20200822,11,19,55,40,48,66,56,34,3,332
20200823,16,35,34,40,62,82,86,27,14,396
20200824,9,13,30,35,39,48,52,24,16,266
20200825,15,18,42,30,33,53,50,30,9,280
20200826,13,13,37,47,42,60,57,34,17,320
20200827,9,27,51,49,71,109,65,41,19,441
20200828,16,18,32,49,52,71,65,48,20,371
20200829,16,18,31,36,47,54,67,36,18,323
20200830,10,12,44,39,38,55,72,21,8,299
20200831,10,11,43,15,28,49,55,26,11,248
20200901,14,17,25,24,24,46,45,30,10,235
20200902,10,12,43,25,24,48,51,40,14,267
20200903,7,7,22,21,29,36,34,22,17,195
20200904,9,7,17,24,27,39,38,22,15,198
20200905,3,6,14,19,19,38,42,18,9,168
20200906,8,3,19,15,25,35,39,16,7,167
20200907,3,5,13,17,16,22,21,20,2,119
20200908,5,8,12,17,17,33,27,14,3,136
20200909,6,8,8,16,15,29,46,22,6,156
20200910,12,4,12,13,17,29,45,12,11,155
20200911,3,3,22,19,22,34,40,16,17,176
20200912,4,5,16,12,18,34,29,14,4,136
20200913,4,3,24,14,11,19,30,12,4,121
20200914,2,3,17,11,11,24,26,12,3,109
20200915,6,8,8,10,18,18,25,11,2,106
20200916,1,3,14,9,17,22,25,18,4,113
20200917,5,8,25,11,20,36,27,17,4,153
20200918,3,4,16,17,21,24,24,12,5,126
20200919,1,5,6,7,9,35,26,15,6,110
20200920,1,4,7,10,14,12,17,12,5,82
20200921,1,4,18,10,6,13,9,9,0,70
20200922,1,2,6,10,10,16,10,5,1,61
20200923,4,4,9,10,14,23,19,22,5,110
20200924,6,4,15,9,17,29,27,9,9,125
20200925,5,3,12,14,15,19,22,14,10,114
20200926,1,6,7,7,5,10,16,9,0,61
20200927,0,4,14,16,12,19,20,7,3,95
20200928,4,4,5,3,5,10,12,3,4,50
20200929,2,2,8,7,7,5,4,0,3,38
20200930,5,5,8,20,20,26,18,9,2,113
20201001,6,4,7,9,14,13,13,7,4,77
20201002,3,6,6,10,6,11,13,4,4,63
20201003,1,1,6,13,11,11,16,13,3,75
20201004,0,4,4,9,13,8,12,8,6,64
20201005,0,3,17,9,8,12,14,6,4,73
20201006,5,8,26,8,2,11,9,4,2,75
20201007,1,2,8,13,10,28,31,16,5,114
20201008,6,5,6,7,9,12,11,10,3,69
20201009,1,11,8,7,6,5,10,4,2,54
20201010,1,3,11,7,6,11,22,7,4,72
20201011,4,0,11,14,8,6,6,6,3,58
20201012,8,2,19,19,16,12,12,8,2,98
20201013,5,7,18,15,17,10,11,7,1,91
20201014,4,7,30,11,11,9,8,2,2,84
20201015,5,3,16,11,11,8,14,11,31,110
20201016,0,2,7,9,10,8,7,2,2,47
20201017,2,2,6,15,5,20,17,2,4,73
20201018,2,4,12,14,14,21,15,8,1,91
20201019,2,3,13,7,15,13,7,7,9,76
20201020,3,3,11,7,12,9,9,3,1,58
20201021,1,4,12,10,18,15,14,5,10,89
20201022,2,2,18,12,18,24,26,11,8,121
20201023,2,11,10,18,21,26,26,13,28,155
20201024,7,7,12,4,9,14,14,5,5,77
20201025,5,7,10,8,11,9,6,1,4,61
20201026,6,5,21,25,22,22,11,3,4,119
20201027,2,7,12,9,14,23,13,4,4,88
20201028,4,6,20,15,17,20,9,7,5,103
20201029,11,8,13,23,14,18,24,10,4,125
20201030,8,9,16,16,19,16,19,6,4,113
20201031,7,5,21,22,18,26,8,10,10,127
20201101,5,14,24,19,25,13,15,6,3,124
20201102,7,9,9,13,19,10,18,8,4,97
20201103,3,5,17,13,6,14,12,4,1,75
20201104,2,3,18,25,11,20,23,10,5,117
20201105,1,8,21,20,23,29,15,6,2,125
20201106,9,7,24,24,26,28,13,9,5,145
20201107,1,5,10,15,21,9,13,11,4,89
20201108,3,4,9,26,22,22,24,24,9,143
20201109,3,6,15,25,19,19,15,15,9,126
20201110,3,9,21,13,11,14,15,9,5,100
20201111,6,5,20,18,12,20,30,19,15,145
20201112,6,13,26,23,22,25,15,9,4,143
20201113,7,9,28,19,24,41,28,17,18,191
20201114,12,14,36,32,29,36,32,7,7,205
20201115,8,13,26,27,27,49,40,13,5,208
20201116,5,12,37,27,29,40,53,15,4,222
20201117,11,12,37,26,36,44,38,18,8,230
20201118,4,16,44,38,51,51,40,20,21,285
20201119,23,43,46,36,52,53,44,17,11,325
20201120,11,35,63,48,53,55,43,28,12,348
20201121,15,36,108,49,56,56,37,23,6,386
20201122,17,20,65,47,64,56,32,18,11,330
20201123,23,21,41,41,49,50,20,17,9,271
20201124,16,17,66,53,60,62,43,25,7,349
20201125,11,31,52,61,75,72,46,24,10,382
20201126,21,57,125,81,93,95,72,28,9,581
20201127,21,40,81,80,96,116,68,27,26,555
20201128,13,38,74,77,95,78,82,30,16,503
20201129,18,36,93,66,69,83,46,26,13,450
20201130,16,54,60,54,58,87,59,24,26,438
20201201,15,47,81,67,63,94,43,27,14,451
20201202,19,43,85,89,79,98,57,23,18,511
20201203,31,41,104,68,93,95,75,27,6,540
20201204,25,46,101,80,89,119,93,43,32,628
20201205,23,52,98,65,77,92,89,50,31,577
20201206,22,30,72,90,73,123,111,68,42,631
20201207,14,31,84,75,73,139,100,59,40,615
20201208,20,35,72,71,81,111,89,55,53,587
20201209,24,39,67,95,96,121,124,72,32,670
20201210,37,53,80,111,92,110,114,53,30,680
20201211,35,44,83,82,102,123,102,63,55,689
20201212,52,86,97,113,143,174,148,69,68,950
20201213,36,74,110,109,150,192,183,105,71,1030
20201214,31,54,99,75,119,138,107,49,46,718
20201215,40,54,100,112,125,151,133,79,86,880
20201216,45,69,153,104,142,215,191,91,68,1078
20201217,56,55,107,124,141,214,173,85,59,1014
20201218,40,66,123,131,134,227,186,91,66,1064
20201219,33,65,132,111,153,217,176,81,77,1045
20201220,47,71,137,142,153,233,187,79,47,1096
20201221,46,45,97,116,124,195,160,87,54,924
20201222,31,56,104,104,124,179,131,86,51,866
20201223,46,62,102,124,143,246,189,96,82,1090
20201224,36,69,128,136,133,183,171,75,54,985
20201225,47,66,158,169,197,239,214,86,64,1240
20201226,47,80,128,148,178,209,171,89,81,1131
20201227,36,61,111,131,159,191,179,61,41,970
20201228,35,50,76,113,120,172,129,62,49,806
20201229,41,52,145,147,172,190,184,75,38,1044
20201230,39,57,116,112,163,198,204,92,69,1050
20201231,49,67,93,132,134,186,174,67,65,967
20210101,41,74,129,145,154,204,159,80,41,1027
20210102,39,66,111,107,105,160,125,58,49,820
20210103,32,46,81,77,89,125,117,52,38,657
20210104,40,71,120,127,172,187,153,69,81,1020
20210105,45,42,101,103,114,128,110,45,26,714
20210106,45,60,107,106,110,139,147,73,51,838
20210107,41,55,122,120,155,176,115,58,27,869
20210108,34,43,92,86,84,125,124,49,37,674
20210109,32,50,100,91,89,124,80,50,25,641
20210110,36,56,86,78,92,142,84,49,34,657
20210111,19,36,47,54,61,79,80,44,31,451
20210112,32,34,71,59,91,102,74,39,35,537
20210113,24,28,66,81,82,129,88,47,16,561
20210114,25,45,61,68,85,99,73,39,29,524
20210115,42,37,62,70,80,97,91,22,11,512
20210116,31,60,54,74,79,106,108,42,26,580
20210117,27,30,74,73,82,87,70,38,39,520
20210118,17,31,48,53,66,75,49,30,20,389
20210119,22,27,52,58,72,73,43,31,8,386
20210120,27,27,56,47,58,76,61,31,21,404
20210121,15,27,46,49,53,85,61,40,24,400
20210122,18,21,53,44,52,65,63,17,13,346
20210123,21,30,49,59,59,85,62,43,23,431
20210124,18,18,68,50,60,79,61,21,17,392
20210125,14,138,44,42,46,72,51,17,13,437
20210126,15,30,64,43,50,59,55,14,19,349
20210127,42,97,67,72,85,79,68,26,23,559
20210128,33,47,64,58,80,88,69,33,25,497
20210129,22,39,47,53,74,88,73,30,43,469
20210130,27,48,47,50,67,76,73,35,33,456
20210131,17,20,46,49,45,74,57,20,26,354
20210201,20,30,36,44,39,54,45,18,19,305
20210202,9,30,50,37,52,70,55,19,14,336
20210203,22,41,75,64,92,70,62,29,12,467
20210204,27,27,50,64,76,75,69,37,26,451
20210205,30,28,30,60,43,65,75,25,14,370
20210206,25,31,51,40,60,77,63,30,13,390
20210207,21,26,51,47,44,79,66,26,11,371
20210208,19,9,33,32,53,52,59,22,9,288
20210209,15,26,34,40,52,59,38,28,11,303
20210210,22,53,53,68,70,84,54,30,10,444
20210211,27,28,72,60,65,97,91,40,24,504
20210212,20,30,44,64,47,76,72,38,12,403
20210213,21,24,56,48,49,54,56,34,20,362
20210214,20,21,49,41,40,52,52,39,12,326
20210215,19,29,42,49,47,53,51,32,21,343
20210216,25,31,65,76,78,73,67,27,15,457
20210217,32,38,93,123,88,100,96,36,15,621
20210218,37,30,82,127,78,124,96,28,19,621
20210219,35,38,91,84,79,93,72,33,36,561
20210220,35,28,59,74,69,69,68,27,19,448
20210221,23,31,63,66,44,65,65,37,22,416
20210222,22,30,57,48,28,54,55,23,15,332
20210223,20,22,57,58,47,63,55,18,16,356
20210224,21,30,71,70,65,70,62,34,17,440
20210225,23,31,62,68,67,68,46,19,11,395
20210226,13,27,55,66,54,76,62,22,12,387
20210227,22,31,68,71,62,71,53,25,12,415
20210228,13,29,48,43,55,78,51,25,13,355
20210301,31,30,43,58,45,65,54,16,13,355
20210302,30,29,49,59,52,56,39,19,11,344
20210303,47,42,57,69,81,64,51,21,12,444
20210304,12,44,66,79,73,73,46,20,11,424
20210305,12,25,61,59,73,75,54,25,14,398
20210306,21,28,85,64,65,65,58,23,9,418
20210307,18,31,77,65,53,66,53,37,16,416
20210308,19,33,51,57,48,67,42,24,5,346
20210309,28,23,55,68,83,73,76,31,9,446
20210310,26,39,57,95,69,69,63,30,22,470
20210311,28,43,53,78,75,66,81,27,14,465
20210312,32,38,69,75,67,74,75,43,15,488
20210313,19,27,49,73,75,105,85,35,22,490
20210314,15,26,70,85,74,82,64,26,17,459
20210315,19,24,57,65,53,81,55,19,6,379
20210316,20,21,35,59,49,89,59,23,8,363
20210317,18,30,68,71,85,89,73,29,6,469
20210318,22,25,68,75,82,78,64,18,13,445
20210319,26,30,46,74,75,88,80,28,16,463
20210320,21,25,83,66,71,79,78,16,8,447
20210321,21,22,71,69,72,71,84,35,11,456
20210322,23,21,59,81,67,76,58,24,6,415
20210323,24,26,51,45,53,49,52,38,8,346
20210324,25,39,68,77,66,62,56,25,10,428
20210325,21,32,70,73,68,87,53,18,8,430
20210326,48,29,73,74,84,77,69,26,9,489
20210327,28,48,62,75,78,86,81,37,10,505
20210328,28,39,81,62,63,66,77,35,30,481
20210329,13,32,53,44,67,81,59,24,9,382
20210330,20,39,67,64,84,78,60,26,9,447
20210331,34,38,68,73,101,81,65,27,19,506
20210401,38,48,91,71,81,97,81,27,17,551
20210402,22,36,91,91,85,94,69,47,22,557
20210403,25,43,78,76,97,88,93,29,14,543
20210404,21,40,81,87,80,95,102,28,9,543
20210405,17,42,61,50,73,84,93,37,16,473
20210406,29,38,57,52,82,108,66,35,10,477
20210407,28,74,90,88,114,130,98,35,11,668
20210408,35,73,94,116,110,125,87,48,12,700
20210409,37,50,95,84,125,132,99,37,12,671
20210410,34,70,88,76,126,116,96,41,30,677
20210411,34,58,86,80,90,113,92,45,16,614
20210412,28,41,71,79,94,126,95,32,21,587
20210413,26,44,65,69,80,131,72,37,18,542
20210414,32,50,111,112,114,148,107,31,26,731
20210415,25,44,108,104,118,145,85,47,22,698
20210416,35,52,87,88,110,140,105,40,16,673
20210417,20,44,94,87,109,139,94,46,25,658
20210418,30,53,103,93,109,102,113,47,21,671
20210419,35,36,61,70,78,113,87,40,12,532
20210420,21,62,59,72,111,101,76,34,13,549
20210421,39,71,114,101,128,130,94,35,19,731
20210422,29,58,96,102,132,154,107,39,18,735
20210423,53,55,112,112,119,141,94,56,55,797
20210424,32,76,155,104,112,143,99,45,19,785
20210425,27,58,110,94,93,113,84,47,18,644
20210426,24,31,91,56,77,94,81,29,16,499
20210427,26,36,82,72,79,101,80,27,9,512
20210428,31,45,106,110,120,137,133,68,19,769
20210429,50,48,94,100,106,111,113,37,20,679
20210430,30,44,104,100,109,103,96,40,35,661
20210501,30,48,75,93,110,120,90,39,22,627
20210502,23,44,74,99,91,126,89,34,26,606
20210503,32,33,60,75,87,94,60,33,14,488
20210504,26,47,82,92,83,92,75,23,21,541
20210505,32,57,98,106,116,116,102,35,14,676
20210506,34,38,86,82,104,112,71,33,14,574
20210507,32,52,76,69,70,106,79,30,11,525
20210508,29,58,113,111,112,125,104,34,15,701
20210509,40,49,78,82,72,108,76,38,21,564
20210510,16,53,71,64,72,69,75,35,8,463
20210511,18,41,91,80,101,79,63,28,9,510
20210512,38,39,90,88,113,120,87,44,15,634
20210513,35,64,94,113,127,133,95,38,16,715
20210514,32,60,101,112,133,119,118,41,31,747
20210515,35,61,96,109,111,131,84,42,12,681
20210516,46,43,90,82,94,115,83,42,15,610
20210517,29,53,115,90,97,106,80,37,12,619
20210518,31,50,90,83,81,86,75,25,7,528
20210519,30,56,102,100,105,122,95,33,11,654
20210520,31,71,102,103,124,96,75,33,11,646
20210521,46,47,82,87,100,88,81,25,5,561
20210522,27,48,131,112,113,101,85,37,12,666
20210523,24,43,98,97,98,101,82,29,13,585
20210524,34,39,73,93,92,95,75,25,4,530
20210525,18,34,83,94,92,93,74,24,4,516
20210526,44,49,104,119,127,128,91,29,14,705
20210527,26,26,131,93,100,122,83,32,16,629
20210528,12,50,117,90,115,87,77,24,15,587
20210529,31,47,103,77,94,98,63,17,3,533
20210530,16,43,90,74,71,89,68,23,6,480
20210531,14,26,89,68,65,76,60,23,9,430
20210601,25,65,69,71,68,79,59,18,5,459
20210602,28,43,101,119,133,148,70,27,8,677
20210603,30,57,115,111,121,130,78,30,9,681
20210604,43,52,115,124,129,116,85,16,15,695
20210605,40,60,125,116,119,137,103,33,11,744
20210606,25,47,112,74,113,92,60,28,5,556
20210607,25,31,90,81,84,83,68,17,6,485
20210608,25,34,80,79,83,84,53,10,6,454
20210609,33,34,99,99,144,110,56,23,4,602
20210610,35,31,109,107,131,103,69,19,6,610
20210611,25,42,113,99,95,102,58,13,9,556
20210612,41,47,94,98,114,82,67,16,6,565
20210613,24,31,69,69,75,82,72,23,7,452
20210614,15,32,68,73,77,74,40,17,3,399
20210615,22,24,59,65,73,81,32,11,6,373
20210616,47,52,101,86,109,75,55,14,6,545
20210617,26,37,91,94,93,100,74,22,3,540
20210618,29,38,97,86,94,80,70,10,3,507
20210619,31,44,88,65,84,91,57,21,1,482
20210620,20,26,79,75,74,80,58,11,6,429
20210621,21,39,50,48,74,70,39,13,3,357
20210622,18,38,61,68,76,87,32,10,4,394
20210623,39,67,121,97,119,121,58,17,6,645
20210624,33,50,120,104,125,94,62,21,1,610
20210625,61,65,127,99,104,101,55,14,8,634
20210626,49,58,130,133,105,125,52,13,3,668
20210627,52,45,133,102,119,94,59,7,3,614
20210628,36,33,112,82,88,85,48,13,4,501
20210629,27,66,139,115,96,94,40,13,5,595
20210630,34,58,195,141,168,138,42,15,3,794
20210701,35,78,170,156,138,114,51,14,5,761
20210702,48,74,204,135,158,144,52,8,2,825
20210703,48,99,211,138,143,100,46,9,0,794
20210704,27,79,171,111,159,122,57,10,7,743
20210705,43,72,159,129,133,129,33,4,9,711
20210706,42,74,171,128,148,124,38,14,7,746
20210707,33,121,335,214,226,194,62,20,6,1211
20210708,57,119,352,227,219,214,62,21,4,1275
20210709,66,133,323,238,235,222,77,15,7,1316
20210710,53,147,320,230,257,244,79,27,21,1378
20210711,58,128,323,243,234,240,69,24,5,1324
20210712,65,108,275,169,188,220,50,18,7,1100
20210713,87,105,293,209,207,174,57,15,3,1150
20210714,78,179,427,306,278,243,74,21,7,1613
20210715,104,154,388,303,292,238,89,19,12,1599
20210716,80,135,379,300,268,242,109,14,8,1535
20210717,76,137,376,217,244,262,103,24,10,1449
20210718,88,146,351,238,247,256,92,29,6,1453
20210719,121,132,288,198,203,204,75,21,9,1251
20210720,96,130,271,208,243,217,84,21,8,1278
20210721,123,212,403,292,321,287,103,30,10,1781
20210722,119,177,503,303,330,286,87,27,9,1841
20210723,111,164,376,286,271,259,118,32,12,1629
20210724,104,160,397,244,273,282,110,42,15,1627
20210725,79,210,327,255,244,211,113,35,13,1487
20210726,84,150,279,228,217,224,103,27,6,1318
20210727,106,151,325,204,239,217,96,18,7,1363
20210728,127,215,394,306,325,333,135,41,19,1895
20210729,124,186,399,240,295,264,115,36,14,1673
20210730,101,182,352,271,309,306,120,49,20,1710
20210731,96,178,349,241,264,239,132,28,11,1538
20210801,95,174,312,213,238,245,115,36,14,1442
20210802,85,156,255,180,219,195,78,32,18,1218
20210803,98,137,235,185,198,205,101,31,10,1200
20210804,97,189,400,282,280,300,127,39,11,1725
20210805,96,204,421,262,290,293,147,46,16,1775
20210806,128,194,362,276,255,285,149,51,4,1704
20210807,123,170,395,271,277,315,166,55,51,1823
20210808,117,170,382,304,249,281,158,48,18,1727
20210809,102,163,346,238,215,242,128,36,21,1491
20210810,102,196,332,239,258,234,124,31,21,1537
20210811,126,212,560,383,342,356,166,54,22,2221
20210812,122,225,492,331,279,319,144,52,23,1987
20210813,121,212,468,320,299,305,178,48,38,1989
20210814,102,207,468,339,276,319,149,46,22,1928
20210815,117,206,433,276,276,309,135,37,27,1816
20210816,102,182,364,259,221,230,120,44,32,1554
20210817,102,132,319,240,226,220,86,38,9,1372
20210818,117,200,429,283,296,269,160,27,22,1803
20210819,139,203,515,393,349,307,168,59,19,2152
20210820,155,184,454,359,337,321,151,61,28,2050
20210821,107,188,408,332,296,271,184,64,26,1876
20210822,102,153,375,298,264,244,132,42,16,1626
20210823,81,144,320,234,264,221,110,32,11,1417
20210824,116,145,347,271,261,202,114,40,11,1507
20210825,140,224,511,357,355,294,190,61,22,2154
20210826,119,177,439,339,301,278,150,66,13,1882
20210827,126,173,427,336,289,269,159,40,18,1837
20210828,114,194,434,309,259,263,146,47,25,1791
20210829,96,144,395,296,236,228,164,41,19,1619
20210830,102,121,327,303,228,212,130,33,29,1485
20210831,75,162,312,217,222,206,135,27,13,1369
20210901,128,192,444,366,335,297,194,56,12,2024
20210902,154,176,472,363,304,271,156,45,18,1959
20210903,94,153,379,321,312,238,151,41,19,1708
20210904,113,184,414,336,306,237,146,53,14,1803
20210905,114,154,322,264,264,179,132,45,16,1490
20210906,107,147,275,244,243,206,108,32,13,1375
20210907,111,173,348,275,299,226,123,31,11,1597
20210908,110,219,455,399,380,273,147,47,18,2048
20210909,138,233,439,356,367,276,181,45,14,2049
20210910,111,195,427,349,318,253,148,49,42,1892
20210911,145,191,416,353,307,227,140,68,17,1864
20210912,129,219,369,352,290,178,141,46,31,1755
20210913,106,135,295,271,257,177,134,36,22,1433
20210914,104,148,348,284,253,195,103,38,22,1495
20210915,121,209,435,460,374,235,147,60,36,2077
20210916,144,210,405,405,344,193,155,55,31,1942
20210917,144,214,447,369,345,227,186,60,16,2008
20210918,146,217,405,390,372,270,179,73,35,2087
20210919,124,173,402,327,366,240,183,68,26,1909
20210920,99,156,329,295,298,191,139,63,33,1603
20210921,110,160,358,305,325,214,160,69,28,1729
20210922,103,172,336,305,319,201,174,91,19,1720
20210923,99,141,401,317,306,199,159,68,25,1715
20210924,119,222,547,445,447,322,211,81,35,2429
20210925,205,299,809,658,510,339,268,120,60,3268
20210926,168,250,732,536,408,302,223,89,60,2768
20210927,166,221,625,450,363,246,173,83,54,2381
20210928,152,240,568,430,344,222,183,95,53,2287
20210929,145,286,747,556,442,307,219,123,56,2881
20210930,165,275,611,486,359,282,220,93,70,2561
20211001,160,289,590,442,363,278,216,87,58,2483
20211002,166,242,518,398,374,220,191,101,37,2247
20211003,128,220,474,393,333,223,177,83,53,2084
20211004,112,187,384,275,275,189,158,57,33,1670
20211005,84,182,302,309,262,178,141,68,48,1574
20211006,115,223,426,392,328,250,176,77,40,2027
20211007,192,266,448,434,389,281,259,105,51,2425
20211008,168,228,444,382,302,254,240,94,59,2171
20211009,140,227,347,318,334,218,242,81,46,1953
20211010,131,162,324,302,237,187,147,70,34,1594
20211011,90,161,242,224,211,151,122,64,32,1297
20211012,104,188,239,251,223,140,121,43,37,1346
20211013,120,198,289,271,256,176,159,77,36,1582
20211014,155,246,292,335,280,203,228,128,71,1938
20211015,159,203,276,288,243,175,204,85,50,1683
20211016,125,185,254,273,243,203,181,77,75,1616
20211017,102,158,236,234,197,158,190,96,49,1420
20211018,100,109,154,173,163,141,112,59,38,1049
20211019,88,166,147,169,159,125,126,50,43,1073
20211020,108,250,226,266,244,145,194,76,62,1571
20211021,127,201,206,257,196,162,172,75,45,1441
20211022,116,209,194,252,215,141,184,74,52,1437
20211023,136,222,205,253,194,149,191,84,74,1508
20211024,118,226,197,226,216,133,193,73,40,1422
20211025,103,201,126,180,170,134,158,74,44,1190
20211026,110,208,167,204,171,114,156,71,64,1265
20211027,169,335,249,295,273,177,266,123,65,1952
20211028,220,325,244,311,276,224,279,132,99,2110
20211029,207,301,297,319,260,221,282,149,87,2123
20211030,195,271,214,295,275,246,321,170,116,2103
20211031,159,266,256,288,275,226,333,145,113,2061
20211101,153,226,159,237,198,193,269,127,122,1684
20211102,149,243,163,194,203,166,252,120,99,1589
20211103,230,432,250,390,290,314,429,179,151,2665
20211104,235,321,253,355,290,297,397,201,133,2482
20211105,207,334,211,326,298,264,360,203,139,2342
20211106,210,294,243,321,285,232,357,189,115,2246
20211107,201,268,216,294,268,263,393,175,146,2224
20211108,153,240,169,221,234,199,314,133,95,1758
20211109,201,244,145,224,179,226,277,132,87,1715
20211110,175,313,249,309,294,302,457,219,106,2424
20211111,231,325,250,339,304,268,440,224,138,2519
20211112,214,294,211,307,285,278,411,220,148,2368
20211113,180,211,209,307,249,309,492,232,135,2324
20211114,199,247,209,257,273,333,476,262,162,2418
20211115,185,223,137,203,255,268,388,203,141,2003
20211116,210,252,166,249,271,290,332,199,155,2124
20211117,254,405,277,371,363,390,625,331,168,3184
20211118,231,398,294,384,383,410,629,357,206,3292
20211119,220,334,280,349,347,395,616,319,173,3033
20211120,278,379,256,347,411,422,597,331,182,3203
20211121,307,292,262,372,348,405,619,306,208,3119
20211122,263,328,270,362,318,348,526,270,141,2826
20211123,289,286,237,341,326,339,520,236,123,2697
20211124,299,390,363,530,487,565,873,409,199,4115
20211125,293,407,350,504,470,538,831,353,191,3937
20211126,318,391,373,458,466,542,767,364,216,3895
20211127,340,441,375,449,510,538,809,406,199,4067
20211128,348,393,336,451,417,461,778,438,303,3925
20211129,335,307,286,370,359,417,663,366,204,3307
20211130,307,309,252,394,351,369,620,258,172,3032
20211201,415,522,467,604,583,722,980,524,303,5120
20211202,425,553,520,625,600,676,1035,536,292,5262
20211203,452,547,449,561,587,651,957,501,238,4943
20211204,502,588,453,645,623,673,1061,535,272,5352
20211205,483,556,444,582,580,655,1055,515,255,5125
20211206,485,482,359,446,483,524,883,408,254,4324
20211207,548,549,430,597,632,647,940,418,191,4952
20211208,664,728,600,858,940,935,1505,665,278,7173
20211209,683,728,682,884,899,905,1404,635,281,7101
20211210,725,758,632,811,888,916,1403,615,272,7020
20211211,730,708,604,850,861,929,1426,585,279,6972
20211212,628,661,591,802,846,903,1375,596,281,6683
20211213,614,546,513,674,782,794,1187,498,208,5816
20211214,647,585,532,637,747,756,1035,425,201,5565
20211215,852,744,762,984,1030,1091,1495,611,279,7848
20211216,785,738,770,989,1045,1054,1505,527,205,7618
20211217,889,703,764,947,1003,1003,1350,578,197,7434
20211218,893,721,772,900,992,924,1400,525,183,7310
20211219,785,631,647,782,855,840,1102,421,169,6232
20211220,732,546,525,694,711,700,929,330,148,5315
20211221,699,567,495,685,756,716,873,290,113,5194
20211222,878,804,788,1044,1033,1006,1265,438,198,7454
20211223,828,752,709,941,993,924,1161,403,203,6914
20211224,761,721,679,856,898,800,1012,349,157,6233
20211225,760,660,674,765,812,826,882,322,137,5838
20211226,717,623,561,732,772,732,847,278,153,5415
20211227,640,485,452,597,619,546,586,193,86,4204
20211228,589,461,423,553,591,480,526,159,82,3864
20211229,615,645,648,807,802,718,755,263,153,5406
20211230,681,560,662,710,738,684,654,234,111,5034
20211231,687,613,584,698,725,625,623,209,108,4872
20220101,678,472,505,648,664,593,563,186,105,4414
20220102,520,465,480,581,595,497,458,156,78,3830
20220103,488,388,388,475,492,362,347,123,61,3124
20220104,416,356,422,475,458,393,339,98,65,3022
20220105,522,554,578,754,756,560,439,169,109,4441
20220106,555,505,612,631,686,506,407,130,89,4121
20220107,443,454,571,610,604,481,352,111,85,3711
20220108,408,408,569,554,524,493,366,132,49,3503
20220109,423,455,528,526,522,416,323,110,66,3369
20220110,396,404,478,457,474,370,262,93,70,3004
20220111,425,460,502,483,513,330,256,83,42,3094
20220112,452,553,851,764,760,496,294,126,86,4382
20220113,476,562,759,707,699,477,291,101,88,4160
20220114,454,666,1070,768,699,394,291,102,93,4537
20220115,510,633,951,743,629,455,289,113,96,4419
20220116,557,606,819,637,635,467,260,108,97,4186
20220117,582,582,645,574,600,439,224,85,124,3855
20220118,574,656,749,626,612,454,244,95,58,4068
20220119,753,938,1113,925,985,585,307,106,92,5804
20220120,735,1106,1433,991,1035,670,345,149,136,6600
20220121,703,1170,1532,1096,1023,652,343,150,95,6764
20220122,765,1248,1559,1082,1050,700,362,125,109,7000
20220123,909,1365,1590,1131,1131,750,432,135,182,7625
20220124,954,1326,1461,1109,1211,805,392,147,105,7510
20220125,1167,1572,1708,1333,1357,821,383,135,92,8568
20220126,1516,2422,2733,2044,2093,1199,607,211,177,13002
20220127,1653,2809,3283,2081,2227,1335,653,241,232,14514
20220128,1678,2938,3859,2326,2489,1511,787,280,221,16089
20220129,1916,3229,4022,2568,2659,1733,844,300,236,17507
20220130,1930,3233,3825,2613,2702,1737,929,335,216,17520
20220131,1998,3254,3516,2571,2662,1670,889,309,203,17072
20220201,2314,3472,3729,2592,2919,1848,945,304,210,18333
20220202,2416,3675,4052,2947,3315,2137,1069,394,262,20267
20220203,2703,3911,4702,3510,3836,2406,1180,393,261,22902
20220204,2887,4370,5918,4158,4611,2972,1558,579,380,27433
20220205,3749,5430,7762,5513,5791,3853,2539,1036,651,36324
20220206,4007,5875,7871,5677,6161,4317,2814,1285,677,38684
20220207,3540,5235,7241,5196,5638,4103,2478,1128,710,35269
20220208,3765,5479,7633,5339,5884,4346,2544,1049,669,36708
20220209,4947,7506,10705,7276,7574,5600,3428,1458,1045,49539
20220210,5703,8546,11855,7902,8089,6014,3462,1548,997,54116
20220211,5627,8374,11802,8168,8109,5722,3586,1392,1114,53894
20220212,6028,8885,11681,8019,8184,5805,3752,1472,1105,54931
20220213,6592,9262,11433,7964,8436,5870,3886,1641,1317,56401
20220214,6896,9189,10106,7772,8526,5918,3706,1456,985,54554
20220215,8052,9502,9952,8506,8993,6183,3706,1326,943,57163
20220216,12582,14164,15555,13563,14528,9759,6204,2418,1662,90435
20220217,13188,14796,15720,14165,15195,9883,6137,2335,1701,93120
20220218,14126,16628,19331,17407,18255,11792,7616,2769,1884,109808
20220219,13017,15425,17790,15460,16459,11306,7768,2896,2074,102195
20220220,14399,15557,17318,15431,16614,11740,8372,3233,2156,104820
20220221,13542,13795,14677,14041,15606,11221,7794,2899,1775,95350
20220222,15340,14037,14952,15601,16712,11095,7322,2660,1838,99557
20220223,24777,21980,26967,27268,28649,19726,13628,5107,3332,171434
20220224,24425,22988,26027,27117,28040,18999,13590,5234,3579,169999
20220225,21735,22041,26529,26664,27584,18507,13923,5283,3613,165879
20220226,20951,21319,26589,25740,27097,19887,14839,5914,3854,166190
20220227,21285,20557,25631,24902,25933,19803,15261,6280,3901,163553
20220228,19110,17802,20803,21063,23054,16783,12900,4972,3135,139622
20220301,19801,17718,20771,22030,22730,16257,12120,4537,3018,138982
20220302,26788,27962,34286,34422,35740,27018,19899,8033,5066,219214
20220303,26414,26132,29791,31577,32916,22752,17521,6807,4884,198794
20220304,32160,34415,43641,42779,42524,31384,23930,9819,6187,266839
20220305,30725,37557,40021,37683,39470,29471,23520,9652,6217,254316
20220306,26553,32829,39233,35459,37152,29927,24740,10694,7024,243611
20220307,24569,29361,32283,29741,32465,26399,21418,9046,5413,210695
20220308,27950,30897,30749,29362,31487,23529,17572,6861,4288,202695
20220309,44590,51184,51890,48873,51068,40874,31472,13911,8559,342421
20220310,42433,46126,47893,48077,49314,38224,31714,14303,9431,327515
20220311,35613,39961,43199,43565,45025,32744,25549,10625,6685,282966
20220312,45428,54057,61539,56025,57290,45638,36590,16676,10394,383637
20220313,43576,47941,52695,49047,51381,41620,36822,16930,10138,350150
20220314,37373,42563,44617,44402,47570,38004,32505,14415,8316,309765
20220315,50224,51359,53119,54147,56920,42307,32936,13839,7399,362250
20220316,52603,56641,57824,57471,59586,48503,40112,17960,9830,400530
20220317,77053,80318,89383,91743,93421,75501,64209,30510,19004,621142
20220318,49682,52784,57521,59724,61739,50288,42860,20504,11738,406840
20220319,48663,50584,51847,53056,55919,47323,42035,20120,11820,381367
20220320,44267,43386,41939,45605,49148,42387,38303,18926,10630,334591
20220321,31349,27664,25811,31109,32306,24545,21344,9473,5513,209114
20220322,55475,50876,42725,53106,55510,40785,32691,14970,7741,353879
20220323,67384,67091,60547,71690,74469,58786,49729,24730,16330,490756
20220324,49848,51716,51678,60613,63302,47194,40013,19333,11820,395517
20220325,40729,44110,44838,50889,53587,41590,35604,17481,10628,339456
20220326,41739,45008,42727,46876,50529,41747,36913,18296,11678,335513
20220327,39804,40523,38134,43590,48445,41226,37036,18362,10934,318054
20220328,27429,25054,22557,27717,29505,21831,19114,8911,5050,187168
20220329,49345,49989,43014,51909,55324,41479,31990,16091,8326,347467
20220330,52701,56478,52466,62290,65484,52363,44118,23089,15568,424557
20220331,37131,40515,42045,48730,51861,39683,33635,17017,10066,320683
20220401,31555,35645,37144,41234,44523,35210,30407,15452,9065,280235
20220402,29230,32642,34368,36581,40648,34623,30462,15647,9943,264144
20220403,27090,27980,28360,32197,36461,31301,28015,14370,8477,234251
20220404,17967,15796,15820,19379,20171,14912,13086,6371,3660,127162
20220405,34384,35461,34004,39804,42733,33397,26064,13153,7097,266097
20220406,31419,35989,38412,41543,43599,36705,30806,16432,11353,286258
20220407,22954,26774,31970,34221,35452,29180,23972,12667,7593,224783
20220408,21192,24769,28125,29738,32493,26848,22907,12103,7134,205309
20220409,19652,22081,24467,25210,27641,24502,22372,12001,7606,185532
20220410,17467,18725,20586,22344,25062,22735,20303,10852,6379,164453
20220411,12180,10722,11817,13711,14357,11131,9329,4748,2917,90912
20220412,23250,26401,28623,31825,33518,28131,21664,11376,5934,210722
20220413,19583,22957,27270,28694,29332,25642,21545,11748,8616,195387
20220414,14512,16813,21295,22369,22926,19638,16629,8848,5391,148421
20220415,12134,13893,17582,18239,19370,17208,14870,7885,4640,125821
20220416,10489,11187,14365,14762,16118,15095,13636,7543,4696,107891
20220417,9728,9166,11190,12760,13960,13039,12155,6681,4291,92970
20220418,6737,5292,6120,7559,7535,5734,4781,2401,1566,47725
20220419,13040,13607,15416,17508,18776,16208,12935,7264,3720,118474
20220420,11051,11787,15356,16214,16620,14973,13108,7438,4743,111290
20220421,8615,9294,13048,13699,13931,12317,10646,5875,3421,90846
20220422,7665,8109,11295,11832,12270,11325,9923,5499,3123,81041
20220423,7295,7332,10106,10416,10884,10553,9920,5407,3507,75420
20220424,6201,6020,8354,9064,9699,9330,8577,4711,2737,64693
20220425,4405,3611,4641,5542,5335,4215,3585,1843,1184,34361
20220426,8256,8317,11041,12224,12702,11122,8961,5002,2713,80338
20220427,7064,7161,10965,11327,11362,10625,9405,5268,3585,76762
20220428,5181,5416,8776,8728,8824,7787,6817,3707,2216,57452
20220429,4522,4749,7675,7358,7493,7158,6194,3438,1967,50554
20220430,3737,4122,6243,5955,6147,6201,5712,3238,1918,43273
20220501,3525,3753,5240,5150,5501,5264,5025,2804,1495,37757
20220502,2506,2261,2835,3084,3186,2450,2009,1066,675,20072
20220503,4652,6080,7476,7538,7755,7066,5718,3158,1673,51116
20220504,4115,5394,7577,7067,7084,6636,5769,3278,2131,49051
20220505,3651,4664,6766,6003,6283,5610,4833,2782,1694,42286
20220506,2529,3119,4320,3818,3803,3527,3108,1516,959,26699
20220507,3256,4426,6241,5376,5851,5577,4700,2722,1441,39590
20220508,3237,4632,5976,5365,5828,5525,4966,2797,1720,40046
20220509,2313,2794,3229,3159,3175,2448,1798,1031,638,20585
20220510,4315,7058,8285,7276,7787,6466,4678,2602,1453,49920
20220511,3583,5807,7777,5990,6374,5615,4450,2553,1759,43908
20220512,2905,4778,6594,5199,5110,4541,3596,1952,1220,35895
20220513,2612,4119,5722,4404,4588,4451,3554,1865,1122,32437
20220514,2446,3664,5008,3962,4144,3950,3316,1893,1193,29576
20220515,2161,3011,3980,3336,3619,3665,3039,1637,975,25423
20220516,1405,1695,2271,1958,2043,1644,1211,660,403,13290
20220517,2929,4840,6272,5119,5411,4647,3271,1686,929,35104
20220518,2534,4072,5688,4516,4442,3986,3256,1691,1155,31340
20220519,2336,3740,5315,4034,4166,3619,2685,1351,876,28122
20220520,1995,3217,4881,3565,3554,3435,2443,1256,773,25119
20220521,1904,2811,4374,3116,3339,3225,2598,1343,745,23455
20220522,1611,2360,3266,2634,2825,2731,2142,1091,627,19287
20220523,1075,1409,1818,1441,1530,1157,861,408,272,9971
20220524,2197,3836,4806,3936,4016,3497,2330,1137,583,26338
20220525,1830,3328,4831,3392,3347,3037,2254,1213,713,23945
20220526,1531,2582,3911,2814,2608,2392,1658,834,475,18805
20220527,1388,2143,3315,2400,2368,2200,1573,750,439,16576
20220528,1211,1837,2833,2055,1966,1879,1482,695,436,14394
20220529,1106,1604,2344,1718,1853,1724,1314,610,374,12647
20220530,692,784,1201,943,933,691,518,212,159,6133
20220531,1427,2438,3598,2523,2531,2192,1410,679,384,17182
20220601,1174,2091,3919,2204,2129,1826,1383,664,397,15787
20220602,879,1318,2213,1465,1371,1203,844,350,243,9886
20220603,941,1630,2747,1921,1822,1594,1112,496,272,12535
20220604,995,1619,2672,1726,1578,1582,1102,494,268,12036
20220605,762,1257,2104,1390,1432,1294,933,431,225,9828
20220606,482,647,1104,734,743,592,430,179,104,5015
20220607,578,809,1329,979,955,745,479,186,111,6171
20220608,962,1811,2962,2042,1955,1770,1088,500,263,13353
20220609,912,1535,2994,1742,1665,1473,1043,454,331,12149
20220610,744,1172,2097,1373,1285,1173,826,398,239,9307
20220611,648,1018,1856,1241,1160,1085,828,401,198,8435
20220612,638,930,1460,1039,1047,999,745,356,162,7376
20220613,414,512,733,587,544,447,339,164,77,3817
20220614,867,1298,1995,1518,1494,1273,768,365,191,9769
20220615,728,1139,2060,1459,1349,1208,847,403,233,9426
20220616,672,924,1720,1297,1173,972,713,352,157,7980
20220617,569,884,1524,1145,1010,927,666,315,151,7191
20220618,549,834,1371,1004,976,919,676,315,177,6821
20220619,496,744,1103,879,891,888,645,277,141,6064
20220620,374,472,621,572,563,412,314,128,75,3531
20220621,736,1166,1823,1498,1480,1256,803,368,169,9299
20220622,736,1055,1817,1461,1401,1159,796,360,189,8974
20220623,600,930,1543,1258,1113,937,640,304,168,7493
20220624,547,818,1446,1212,1088,966,722,300,119,7218
20220625,551,854,1305,1030,998,903,685,303,151,6780
20220626,511,772,1118,959,968,826,692,267,123,6236
20220627,306,423,647,606,539,448,288,113,49,3419
20220628,802,1242,2054,1656,1568,1264,794,338,171,9889
20220629,767,1157,2363,1807,1589,1330,893,353,189,10448
20220630,703,1163,2353,1601,1396,1132,818,316,108,9590
20220701,714,1174,2295,1555,1310,1195,767,350,154,9514
20220702,853,1391,2469,1732,1523,1322,865,374,180,10709
20220703,857,1305,2037,1536,1490,1379,927,322,184,10037
20220704,687,899,1229,1044,916,699,465,170,134,6243
20220705,1520,2506,3779,3008,2967,2342,1256,530,217,18125
20220706,1564,2601,4232,3199,2938,2392,1482,587,357,19352
20220707,1476,2486,4100,3004,2825,2315,1355,601,332,18494
20220708,1632,2756,3993,3035,2910,2411,1566,655,339,19297
20220709,1755,3150,4066,2891,2982,2683,1689,692,353,20261
20220710,1769,3123,3719,3010,3035,2649,1890,802,387,20384
20220711,1442,2085,2238,2035,2026,1424,884,356,182,12672
20220712,3257,6229,6710,5971,5979,4714,2765,1188,523,37336
20220713,3402,6330,8180,6637,5848,4806,3048,1329,660,40240
20220714,3284,6089,8207,6083,5864,4657,2932,1390,653,39159
20220715,3370,6497,7519,5886,5599,4702,3161,1460,663,38857
20220716,3774,7093,7530,5846,5934,5090,3553,1682,793,41295
20220717,3869,6654,6742,5723,6059,5201,3561,1698,808,40315
20220718,3422,5198,4232,3840,3878,2675,1806,758,466,26275
20220719,6792,13645,12375,11242,11400,8929,5465,2580,1115,73543
20220720,6733,12176,14371,11850,11431,9022,6302,2949,1527,76361
20220721,6017,10223,14774,11148,10706,8376,5856,2766,1263,71129
20220722,6104,10179,13491,10068,9904,8320,6202,2948,1373,68589
20220723,6045,10489,12108,9670,9837,8920,6601,3199,1655,68524
20220724,6005,10043,10530,9111,9703,8676,6382,3289,1629,65368
20220725,4233,5554,5591,5520,5611,4200,2978,1418,748,35853
20220726,8871,12624,16902,15806,16321,13500,8701,4421,2082,99228
20220727,8329,11657,18876,15864,15427,12990,9546,4891,2649,100229
20220728,7482,10356,17013,13912,13635,11500,8423,4013,2008,88342
20220729,7054,9783,15449,12795,12817,11781,8854,4481,2262,85276
20220730,6988,8856,14456,12031,12253,11430,8985,4571,2389,81959
20220731,6033,7593,11636,10683,11604,10787,8494,4497,2229,73556
20220801,5009,5157,7171,6967,6972,5623,4488,2112,1147,44646
20220802,8307,10679,18714,17693,18222,16645,12123,6445,2917,111745
20220803,8898,11930,21079,18075,18209,17316,13428,6924,4008,119867
20220804,7786,10698,19539,16190,16350,15706,12274,6092,3212,107847
20220805,9113,11790,19085,16570,16646,16430,12918,6637,3644,112833
20220806,8912,11334,17925,15967,16517,16172,12992,6879,3927,110625
20220807,8573,10606,16115,15183,15715,15954,12627,6936,3750,105459
20220808,5509,5396,8686,8823,8733,7708,5947,2842,1600,55244
20220809,11078,13514,24227,22976,23887,23283,17011,9312,4561,149849
20220810,11157,14675,26085,22757,22260,21949,17646,9631,5559,151719
20220811,10748,13806,24356,20079,19607,19648,16026,8441,4455,137166
20220812,10335,12843,20950,18259,18461,18875,15831,8512,4596,128662
20220813,10666,12315,18796,17059,17905,18321,16001,8698,4777,124538
20220814,11281,11860,16199,15777,17339,17920,15762,8669,4721,119528
20220815,7032,6499,8605,9050,9425,8493,7101,3667,2176,62048
20220816,8229,8072,12245,13390,13608,12238,9356,4551,2402,84091
20220817,13469,17047,27765,27400,28028,27103,21700,12073,6161,180746
20220818,14624,18789,28329,25886,25070,24850,21662,12172,7126,178508
20220819,11113,15023,22140,19631,19504,19387,17179,9591,5205,138773
20220820,11248,14868,19268,17081,17716,17892,16368,9487,5424,129352
20220821,9849,12045,14920,14469,15624,16024,15037,8362,4576,110906
20220822,6982,7266,8053,8665,8549,7478,6577,3364,2080,59014
20220823,13400,18398,20171,21183,22541,21232,17700,10150,5432,150207
20220824,11915,16294,19805,19240,19615,19028,17145,10033,6223,139298
20220825,9662,12734,16578,15914,16383,15577,14140,7922,4438,113348
20220826,9124,12200,13877,13395,13907,14197,12940,7338,4135,101113
20220827,8705,12154,12239,11897,12926,13070,12633,7572,4375,95571
20220828,8086,9908,10311,10634,11999,12148,11618,6826,3703,85233
20220829,5346,5849,5406,6290,6335,5268,4659,2433,1528,43114
20220830,10808,15916,14054,15540,17269,16123,13441,8171,4293,115615
20220831,8734,12578,13593,14103,15089,14206,13183,7835,4602,103923
20220901,6076,8764,10918,11504,12426,11814,10582,5966,3516,81566
20220902,9126,12339,11500,11373,12541,11756,11055,6241,3655,89586
20220903,7176,10768,9577,10013,11099,10997,10482,6177,3457,79746
20220904,6691,9128,8099,8968,10374,10111,9754,5709,3310,72144
20220905,4573,5344,4458,5225,5566,4702,4067,2271,1342,37548
